mail,mdp,type
dupontemm@cy-tech.fr,eleve,Eleve
laurentale@cy-tech.fr,eleve,Eleve
duransop@cy-tech.fr,eleve,Eleve
petitmila@cy-tech.fr,eleve,Eleve
garntom@cy-tech.fr,eleve,Eleve
robertev@cy-tech.fr,eleve,Eleve
lefevhug@cy-tech.fr,eleve,Eleve
richadam@cy-tech.fr,eleve,Eleve
duboileo@cy-tech.fr,eleve,Eleve
fontazoe@cy-tech.fr,eleve,Eleve
blantom@cy-tech.fr,eleve,Eleve
guerilou@cy-tech.fr,eleve,Eleve
boyerman@cy-tech.fr,eleve,Eleve
garnluc@cy-tech.fr,eleve,Eleve
chevarth@cy-tech.fr,eleve,Eleve
bertarth@cy-tech.fr,eleve,Eleve
clemchl@cy-tech.fr,eleve,Eleve
lamberthug@cy-tech.fr,eleve,Eleve
chevzoe@cy-tech.fr,eleve,Eleve
bonnjul@cy-tech.fr,eleve,Eleve
petitchl@cy-tech.fr,eleve,Eleve
fransop@cy-tech.fr,eleve,Eleve
martlin@cy-tech.fr,eleve,Eleve
durandcam@cy-tech.fr,eleve,Eleve
lefortleo@cy-tech.fr,eleve,Eleve
moreaupie@cy-tech.fr,eleve,Eleve
vincenmila@cy-tech.fr,eleve,Eleve
duranva@cy-tech.fr,eleve,Eleve
bertom@cy-tech.fr,eleve,Eleve
laurlou@cy-tech.fr,eleve,Eleve
laurmano@cy-tech.fr,eleve,Eleve
henryman@cy-tech.fr,eleve,Eleve
henryjea@cy-tech.fr,eleve,Eleve
garciaadam@cy-tech.fr,eleve,Eleve
rouxluc@cy-tech.fr,eleve,Eleve
clemleo@cy-tech.fr,eleve,Eleve
duponzoe@cy-tech.fr,eleve,Eleve
roberluc@cy-tech.fr,eleve,Eleve
rouxnic@cy-tech.fr,eleve,Eleve
lefortlau@cy-tech.fr,eleve,Eleve
lefevchlo@cy-tech.fr,eleve,Eleve
moreauleo@cy-tech.fr,eleve,Eleve
petitmila@cy-tech.fr,eleve,Eleve
simonmar@cy-tech.fr,eleve,Eleve
roberhug@cy-tech.fr,eleve,Eleve
richachl@cy-tech.fr,eleve,Eleve
duboluc@cy-tech.fr,eleve,Eleve
henrylou@cy-tech.fr,eleve,Eleve
fontasop@cy-tech.fr,eleve,Eleve
blancthu@cy-tech.fr,eleve,Eleve
gueriman@cy-tech.fr,eleve,Eleve
boyerlou@cy-tech.fr,eleve,Eleve
lambmil@cy-tech.fr,eleve,Eleve
garnijul@cy-tech.fr,eleve,Eleve
richasop@cy-tech.fr,eleve,Eleve
chevalin@cy-tech.fr,eleve,Eleve
henryali@cy-tech.fr,eleve,Eleve
henrytho@cy-tech.fr,eleve,Eleve
clemtom@cy-tech.fr,eleve,Eleve
lamberzoe@cy-tech.fr,eleve,Eleve
bonneleo@cy-tech.fr,eleve,Eleve
franmila@cy-tech.fr,eleve,Eleve
garcijul@cy-tech.fr,eleve,Eleve
durandali@cy-tech.fr,eleve,Eleve
martihug@cy-tech.fr,eleve,Eleve
leforchlo@cy-tech.fr,eleve,Eleve
vincluc@cy-tech.fr,eleve,Eleve
durasop@cy-tech.fr,eleve,Eleve
berthar@cy-tech.fr,eleve,Eleve
bonnadam@cy-tech.fr,eleve,Eleve
laurnan@cy-tech.fr,eleve,Eleve
duboiart@cy-tech.fr,eleve,Eleve
michelant@cy-tech.fr,eleve,Eleve
henlou@cy-tech.fr,eleve,Eleve
garjul@cy-tech.fr,eleve,Eleve
lefortpie@cy-tech.fr,eleve,Eleve
rouxlina@cy-tech.fr,eleve,Eleve
dupontgab@cy-tech.fr,eleve,Eleve
duptom@cy-tech.fr,eleve,Eleve
rouxlina@cy-tech.fr,eleve,Eleve
lefevzoe@cy-tech.fr,eleve,Eleve
moreleo@cy-tech.fr,eleve,Eleve
petmila@cy-tech.fr,eleve,Eleve
robeva@cy-tech.fr,eleve,Eleve
richadam@cy-tech.fr,eleve,Eleve
dubleo@cy-tech.fr,eleve,Eleve
franeva@cy-tech.fr,eleve,Eleve
fonzoe@cy-tech.fr,eleve,Eleve
fontaman@cy-tech.fr,eleve,Eleve
blantom@cy-tech.fr,eleve,Eleve
guerilou@cy-tech.fr,eleve,Eleve
boyemanon@cy-tech.fr,eleve,Eleve
duponttom@cy-tech.fr,eleve,Eleve
garnluc@cy-tech.fr,eleve,Eleve
chevarthur@cy-tech.fr,eleve,Eleve
clechloe@cy-tech.fr,eleve,Eleve
lamhugo@cy-tech.fr,eleve,Eleve
bonnjules@cy-tech.fr,eleve,Eleve
fransophie@cy-tech.fr,eleve,Eleve
martlina@cy-tech.fr,eleve,Eleve
marthugo@cy-tech.fr,eleve,Eleve
blanclou@cy-tech.fr,eleve,Eleve
bertrandelo@cy-tech.fr,eleve,Eleve
moreaulau@cy-tech.fr,eleve,Eleve
vincentali@cy-tech.fr,eleve,Eleve
lefevzoe@cy-tech.fr,eleve,Eleve
lefevremax@cy-tech.fr,eleve,Eleve
garcianic@cy-tech.fr,eleve,Eleve
lefortchl@cy-tech.fr,eleve,Eleve
guerijul@cy-tech.fr,eleve,Eleve
boyerlin@cy-tech.fr,eleve,Eleve
morealeo@cy-tech.fr,eleve,Eleve
martinelo@cy-tech.fr,eleve,Eleve
vincenluc@cy-tech.fr,eleve,Eleve
admin@example.com,admin,Admin
